grupo;nombre;calorias;proteinas;carbohidratos;grasas;fibra
Cereales y derivados;Achita, kiwicha o achis;343;12.8;69.1;6.6;9.3
Cereales y derivados;Arroz pilado o pulido cocido;115;2.4;25.2;0.1;
Cereales y derivados;Arroz blanco corriente;358;7.8;77.6;0.7;
Cereales y derivados;Arroz con cáscara;325;5.9;75.7;2;4.1
Cereales y derivados;Avena envasada;380;13.7;71.3;4.7;
Cereales y derivados;Avena, hojuela cocida;54;1.3;10.9;0.5;
Cereales y derivados;Avena, hojuela cruda;326;13.3;72.2;4;10.6
Cereales y derivados;Cañihua amarilla;344;14.3;62.8;5;
Cereales y derivados;Cañihua gris;343;14;64;4.5;
Cereales y derivados;Cañihua, hojuelas de;376;17.6;60.7;8.3;
Cereales y derivados;Cañihua parda;343;13.8;66.2;3.5;
Cereales y derivados;Cebada con cáscara;289;8.4;77.5;2;17.3
Cereales y derivados;Cebada, llunka de (morón americano);252;1.9;77.1;0.7;17.3
Cereales y derivados;Cebada, mashka o machica;306;8.6;77.4;0.7;10.1
Cereales y derivados;Cebada para mote, pelada;328;8.2;73.3;1.1;
Cereales y derivados;Cebada tostada, harina integral;282;8.68;80.2;3.2;25.4
Cereales y derivados;Cebada perlada o resbalada cocida;60;1;17.7;0.1;3.8
Cereales y derivados;Cebada perlada o resbalada cruda;281;5.3;79.8;0.6;15.6
Cereales y derivados;Cebada tostada y molida (chaquepa);349;7.7;79.7;0.8;
Cereales y derivados;Chancay (bizcocho);355;8.8;64.4;6.9;
Cereales y derivados;Fideo crudo fortificado con hierro;337;9.4;77.7;0.2;3.2
Cereales y derivados;Fideo tallarín crudo fortificado con hierro;305;9.5;69.6;0.1;3.2
Cereales y derivados;Fideo tallarín sancochado fortiticado con hierro;90;3.1;21.3;0;1.8
Cereales y derivados;Galleta de soda (salada);433;10.1;68;14.7;3
Cereales y derivados;Galleta de vainilla (dulce);434;6;74.9;12.7;1.1
Cereales y derivados;Maíz alazán;346;8.2;72.7;3.7;
Cereales y derivados;Maíz alazán (jora fresca);289;5.4;62.3;2.8;
Cereales y derivados;Maíz alazán (jora seca);347;7;73.8;3.6;
Cereales y derivados;Maíz amarillo;355;6.7;73.6;4.8;
Cereales y derivados;Maíz, blanco crudo;341;5.9;76.1;4;3.2
Cereales y derivados;Maíz, blanco tostado;389;7.2;82.1;4.6;
Cereales y derivados;Maíz, cancha tostada;339;6.7;79.8;2.7;5.2
Cereales y derivados;Maíz (chochoca);349;5.2;78;2.5;
Cereales y derivados;Maíz, grano fresco (choclo);115;3.3;27.8;0.8;2.7
Cereales y derivados;Maíz, germinado seco;314;6.2;67;3.2;
Cereales y derivados;Maíz, harina de;325;8.7;71.2;6.5;9.6
Cereales y derivados;Maíz, maicena;363;0.26;91.3;0.1;0.9
Cereales y derivados;Maíz, morado sin coronta;355;7.3;76.2;3.4;
Cereales y derivados;Maíz, mote de (sancochado);103;2.6;21.1;1.3;
Cereales y derivados;Maíz, pachuco de;349;7.3;73.5;3.9;
Cereales y derivados;Maíz, para mote pelado;349;5.9;78.3;2.1;
Cereales y derivados;Maíz, para mote sin pelar;345;5.7;78.7;1.5;
Cereales y derivados;Maíz, polenta cruda de;322;8.3;74;1.2;1.6
Cereales y derivados;Maíz, tocosh crudo;192;2.6;41.3;2.2;
Cereales y derivados;Pan de cebada (serrano);295;7.2;66.2;0.2;
Cereales y derivados;Pan de labranza;328;9.6;71.8;0.3;
Cereales y derivados;Pan de molde;317;6.8;69.2;2.5;2.4
Cereales y derivados;Pan francés;277;8.4;62.9;0.2;2.4
Cereales y derivados;Pan francés fortificado con hierro;277;8.4;62.9;0.2;2.4
Cereales y derivados;Quinua, afrecho de;338;10.7;65.9;4.5;
Cereales y derivados;Quinua blanca (Junín);343;12.2;67.2;6.2;5.9
Cereales y derivados;Quinua blanca (Puno);346;13.3;67.1;6.1;5.9
Cereales y derivados;Quinua cocida;86;2.8;16.3;1.3;
Cereales y derivados;Quinua;343;13.6;66.6;5.8;5.9
Cereales y derivados;Quinua dulce, blanca (Junín);352;11.1;67.4;7.7;5.9
Cereales y derivados;Quinua dulce, blanca (Puno);340;11.6;68.9;5.3;5.9
Cereales y derivados;Quinua dulce, rosada (Junín);352;12.3;67.1;7.2;5.9
Cereales y derivados;Quinua, harina de;341;9.1;72.1;2.6;
Cereales y derivados;Quinua, hojuelas de;374;8.5;78.6;3.7;
Cereales y derivados;Quinua rosada (Puno);348;12.5;67.6;6.4;5.9
Cereales y derivados;Quinua, sémola de;355;19.5;53.8;10.7;5.9
Cereales y derivados;Sorgo;307;8;72.8;4;6.3
Cereales y derivados;Trigo, harina fortificada con hierro de;354;10.5;76.3;2;2.7
Cereales y derivados;Trigo, llunka de;312;9.1;71.8;1;
Cereales y derivados;Trigo, harina tostada de (machica);347;7.9;79.9;1.2;2.7
Cereales y derivados;Trigo, mote de (sancochado);154;2.5;37;0.6;
Cereales y derivados;Trigo para mote pelado cocido;69;1.9;14.7;0.1;
Cereales y derivados;Trigo para mote pelado crudo;355;9.8;74.6;0.9;
Cereales y derivados;Trigo, pelado;359;8.4;76.1;1.4;
Cereales y derivados;Trigo resbalado cocido;90;2.8;18.6;0.3;
Cereales y derivados;Trigo resbalado crudo;357;11.4;71.8;1.8;
Cereales y derivados;Trigo, sémola de;335;7.8;78.4;1.1;3.9
Cereales y derivados;Trigo;303;10.3;74.7;1.9;12.2
Verduras, hortalizas, y derivados;Acelga, hojas de (sin tallo);27;2.2;5.3;0.3;1.6
Verduras, hortalizas, y derivados;Acelga, tallos de;14;0.7;2.8;0.3;1.6
Verduras, hortalizas, y derivados;Ají amarillo fresco P.C.;39;0.9;8.8;0.7;
Verduras, hortalizas, y derivados;Ají amarillo molido fresco sin sal;52;1.9;9.2;1.7;
Verduras, hortalizas, y derivados;Ají amarillo seco;302;7.3;64.8;6.3;28.7
Verduras, hortalizas, y derivados;Ají panca P.C.;292;7;58.5;7.8;28.7
Verduras, hortalizas, y derivados;Ají colorado no picante (molido con sal);48;1.9;9.2;1.3;1.5
Verduras, hortalizas, y derivados;Ají colorado molido;42;2.1;8;1;1.5
Verduras, hortalizas, y derivados;Ají de mesa P.C.;40;1.8;7.2;1.2;
Verduras, hortalizas, y derivados;Ají de vaina P.C.;58;2.6;11.9;1.1;
Verduras, hortalizas, y derivados;Ají dulce P.C.;26;0.7;6;0.4;1.7
Verduras, hortalizas, y derivados;Ají verde P.C.;57;2.5;12.4;0.8;
Verduras, hortalizas, y derivados;Ajo sin cáscara;129;5.6;30.4;0.8;2.1
Verduras, hortalizas, y derivados;Albahaca sin tallo;43;2.9;7.3;1.2;3.9
Verduras, hortalizas, y derivados;Alcachofa P.C.;19;2.8;2.9;0.2;5.4
Verduras, hortalizas, y derivados;Alfalfa brotes tiernos;29;4;3.8;0.7;2.5
Verduras, hortalizas, y derivados;Apio sin hojas;21;0.7;4.8;0.2;1.6
Verduras, hortalizas, y derivados;Berenjena P.C.;37;1;7.9;0.8;3.4
Verduras, hortalizas, y derivados;Berenjena costeña o tomate de árbol;41;1.3;9.8;0.3;
Verduras, hortalizas, y derivados;Berro P.C.;33;3.4;5;0.8;0.5
Verduras, hortalizas, y derivados;Brócoli P.C.;40;4.9;5.7;0.9;2.6
Verduras, hortalizas, y derivados;Caigua P.C.;15;0.5;3.3;0.2;
Verduras, hortalizas, y derivados;Caigua serrana P.C.;20;1.5;4.1;0.1;
Verduras, hortalizas, y derivados;Calabaza china P.C.;23;0.7;5.8;0.1;2.9
Verduras, hortalizas, y derivados;Calabaza italiana P.C.;21;0.5;4.9;0.3;1.7
Verduras, hortalizas, y derivados;Cebolla blanca P.C.;32;0.9;7.4;0.1;1.4
Verduras, hortalizas, y derivados;Cebolla chilena P.C.;26;0.8;5.9;0.1;1.4
Verduras, hortalizas, y derivados;Cebollita china P.C.;39;2.3;7.5;0.4;
Verduras, hortalizas, y derivados;Cebolla de cabeza P.C.;49;1.4;11.3;0.2;1.4
Verduras, hortalizas, y derivados;Cebolla de cola P.C.;33;0.9;7.8;0.1;1.4
Verduras, hortalizas, y derivados;Col blanca P.C.;23;1.3;4.8;0.3;2.3
Verduras, hortalizas, y derivados;Col crespa o repollo, sin cogollo;24;1.5;4.9;0.3;2.3
Verduras, hortalizas, y derivados;Col china sin tallo;26;1.8;5.3;0.3;1
Verduras, hortalizas, y derivados;Col de “Bruselas” P.C.;58;4.6;12.3;0.4;3.8
Verduras, hortalizas, y derivados;Col, hojas de P.C.;39;2.7;7.6;0.6;2
Verduras, hortalizas, y derivados;Col negra P.C.;27;1.7;5.5;0.4;3.6
Verduras, hortalizas, y derivados;Col silvestre P.C.;54;2.5;12.1;0.6;
Verduras, hortalizas, y derivados;Coliflor sin tallo y sin hojas;28;2.2;4.4;0.6;2.5
Verduras, hortalizas, y derivados;Culantro sin tallo;44;3.3;7;1.3;2.8
Verduras, hortalizas, y derivados;Chiclayo, calabaza P.C.;22;0.6;5.6;0.1;1.7
Verduras, hortalizas, y derivados;Chonta P.C.;49;3.4;9.7;0.7;
Verduras, hortalizas, y derivados;Escarola P.C.;18;1.2;3.8;0.2;3.1
Verduras, hortalizas, y derivados;Espárragos P.C.;23;2.2;4.6;0.2;2.1
Verduras, hortalizas, y derivados;Espinaca blanca P.C.;32;1.9;6.3;0.6;2.2
Verduras, hortalizas, y derivados;Espinaca negra sin tronco;32;2.8;4.9;0.9;2.2
Verduras, hortalizas, y derivados;Frijolito chino germinado;41;4.5;6.7;0.7;
Verduras, hortalizas, y derivados;Hierbabuena P.C.;33;3.1;7;1;8
Verduras, hortalizas, y derivados;Huacatay sin tallo;47;5;8.8;0.8;
Verduras, hortalizas, y derivados;Janchoy, hojas de;27;1.6;6;0.2;
Verduras, hortalizas, y derivados;Jetka, hojas de;66;7.3;9.5;1.7;
Verduras, hortalizas, y derivados;Kailán, hojas de;48;3.2;9.1;0.9;
Verduras, hortalizas, y derivados;Kailán, tallos de;24;1.2;5.2;0.3;
Verduras, hortalizas, y derivados;Lechuga americana P.C.;11;0.6;2.4;0.1;1.2
Verduras, hortalizas, y derivados;Lechuga larga P.C.;19;1.5;3.9;0.2;2.1
Verduras, hortalizas, y derivados;Lechuga redonda P.C.;12;1.3;2.1;0.2;1.3
Verduras, hortalizas, y derivados;Manchay P.C.;53;0.4;14.4;0.1;
Verduras, hortalizas, y derivados;Mastuerzo, hojas de;48;1.8;9.2;1.3;1.1
Verduras, hortalizas, y derivados;Mostaza, hojas de P.C.;32;3.5;5.2;0.6;3.1
Verduras, hortalizas, y derivados;Muña, seca;268;3.2;66.3;2.8;
Verduras, hortalizas, y derivados;Nabo P.C.;16;0.6;3.6;0.2;1.8
Verduras, hortalizas, y derivados;Nabo, hojas de;35;2.9;7;0.4;3.2
Verduras, hortalizas, y derivados;Orégano fresco;48;1.6;11.3;0.5;
Verduras, hortalizas, y derivados;Pacchoy, hojas de;28;1.3;6.3;0.3;1
Verduras, hortalizas, y derivados;Pacchoy, tallos de;22;0.4;5.4;0.2;1
Verduras, hortalizas, y derivados;Paico;54;5;9.2;1.1;3.8
Verduras, hortalizas, y derivados;Pajuro P.C.;120;2.1;31.5;0.3;
Verduras, hortalizas, y derivados;Pepinillo sin cáscara;11;0.5;2.6;0.1;0.7
Verduras, hortalizas, y derivados;Perejil sin tallo;56;4.8;9.9;0.7;3.3
Verduras, hortalizas, y derivados;Pimiento P.C.;35;1.5;7.7;0.5;2
Verduras, hortalizas, y derivados;Pirca P.C.;42;4;7.6;0.6;
Verduras, hortalizas, y derivados;Poro sin hojas;40;2.7;7.6;0.8;1.8
Verduras, hortalizas, y derivados;Quinua, hojas de;50;4.7;9.5;0.6;
Verduras, hortalizas, y derivados;Rabanitos P.C.;14;0.8;2.9;0.1;1.6
Verduras, hortalizas, y derivados;Rabicol P.C.;22;2;4.2;0.2;
Verduras, hortalizas, y derivados;Radicheta o achicoria P.C.;31;1.9;6.2;0.5;4
Verduras, hortalizas, y derivados;Rocoto fresco P.C.;36;1.2;8.2;0.5;
Verduras, hortalizas, y derivados;Ruda;82;4.1;16.1;1.7;
Verduras, hortalizas, y derivados;Siuca culantro P.C.;38;1.9;8.1;0.5;2.8
Verduras, hortalizas, y derivados;Tomate P.C.;19;0.8;4.3;0.2;1.2
Verduras, hortalizas, y derivados;Tomate italiano P.C.;16;0.8;3.6;0.2;1.2
Verduras, hortalizas, y derivados;Tomate con carne, salsa de ;93;2.7;11;5.7;
Verduras, hortalizas, y derivados;Tomate, salsa de;23;1.5;3.9;0.7;1.5
Verduras, hortalizas, y derivados;Tomate, salsa concentrada de;73;2.7;16.8;1;
Verduras, hortalizas, y derivados;Vainitas P.C.;37;2.4;8.1;0.3;3.4
Verduras, hortalizas, y derivados;Zanahoria amarilla sin cáscara;41;0.6;9.2;0.5;2.8
Verduras, hortalizas, y derivados;Zanahoria, harina de;293;7.3;67.7;1.5;
Verduras, hortalizas, y derivados;Zapallo italiano P.C.;14;0.9;2.9;0.2;
Verduras, hortalizas, y derivados;Zapallo loche P.C.;80;1.6;21.1;0.1;2
Verduras, hortalizas, y derivados;Zapallo macre P.C.;26;0.7;6.4;0.2;
Frutas y derivados;Abridores P.C.;63;0.8;16.4;0.1;1.5
Frutas y derivados;Aceituna de botija P.C.;298;0.8;7.3;32.1;
Frutas y derivados;Aceitunas negras preparadas P.C.;304;2.2;30.3;22.4;3.2
Frutas y derivados;Airampo P.C.;49;1.8;11.2;0.5;
Frutas y derivados;Aguaje P.C.;283;2.3;18.1;25.1;
Frutas y derivados;Anona P.C.;53;1.1;12.9;0.4;2.4
Frutas y derivados;Melocotón-durazno-blanquillo P.C.;64;0.6;17.1;0.1;1.5
Frutas y derivados;Caimito;60;1.8;13.6;0.5;2.8
Frutas y derivados;Camu-camu P.C.;24;0.5;5.9;0.1;
Frutas y derivados;Capulí P.C.;63;0.7;15.9;0.4;
Frutas y derivados;Chambiro P.C.;118;1.5;14.5;7.3;
Frutas y derivados;Chirimoya P.C.;87;1.2;22.6;0.2;2.3
Frutas y derivados;Ciruela P.C.;82;1;21.5;0.2;
Frutas y derivados;Coco P.C.;286;3.4;10.8;28.1;
Frutas y derivados;Coco, agua de;14;0.7;3.1;0.1;1.1
Frutas y derivados;Cocona P.C.;41;0.9;9.2;0.7;
Frutas y derivados;Dátiles P.C.;224;1.4;59.8;0.5;8
Frutas y derivados;Fresa P.C.;41;0.7;8.9;0.8;2
Frutas y derivados;Granada P.C.;68;0.5;18.3;0.1;0.6
Frutas y derivados;Granadilla P.C.;80;2.2;15.6;2;
Frutas y derivados;Granadilla, jugo enlatado de;68;1.1;16.1;0;
Frutas y derivados;Guanábana P.C.;56;0.9;14.3;0.2;3.3
Frutas y derivados;Guayaba P.C.;56;0.5;14.9;0.1;5.4
Frutas y derivados;Guayaba amarilla P.C.;71;0.8;18.4;0.2;5.4
Frutas y derivados;Guayaba rosada P.C.;56;0.5;14.7;0.2;5.4
Frutas y derivados;Guayaba verde P.C.;55;0.5;14.7;0.1;5.4
Frutas y derivados;Higo negro P.C.;76;0.9;19.9;0.1;2.9
Frutas y derivados;Higo seco P.C.;182;3.6;46.6;0.2;9.8
Frutas y derivados;Huito P.C.;55;1.2;14;0.1;
Frutas y derivados;Humarí P.C.;121;1.6;22.4;5;
Frutas y derivados;Kaki P.C.;75;0.5;20.8;0.1;3.6
Frutas y derivados;Kumuvi P.C.;101;0.7;25.9;0.6;
Frutas y derivados;Lima P.C.;27;0.6;5.9;0.4;2.8
Frutas y derivados;Limón, jugo de;30;0.5;9.7;0.2;0.4
Frutas y derivados;Lúcuma P.C.;99;1.5;25;0.5;
Frutas y derivados;Lúcuma, harina de;329;4;82;2.4;
Frutas y derivados;Macambo, pulpa y semilla;177;6.7;21.5;9.2;
Frutas y derivados;Macambo, pulpa de;44;2.1;8.3;0.8;
Frutas y derivados;Mamey maduro P.C.;37;0.5;9.7;0.1;3
Frutas y derivados;Mandarina P.C.;35;0.6;8.6;0.3;1.8
Frutas y derivados;Mango P.C.;60;0.4;15.9;0.2;1.8
Frutas y derivados;Manzana nacional P.C.;54;0.3;14.6;0.1;1.3
Frutas y derivados;Maracuyá, jugo puro de;67;0.9;16.1;0.1;0.2
Frutas y derivados;Marañón P.C.;45;0.8;10.5;0.5;2.7
Frutas y derivados;Melón P.C.;23;0.5;5.8;0.1;0.8
Frutas y derivados;Melón enano P.C.;20;0.6;4.4;0.2;
Frutas y derivados;Membrillo P.C.;43;0.3;11.5;0.1;1.9
Frutas y derivados;Naranja P.C.;40;0.6;10.1;0.2;2.4
Frutas y derivados;Naranja agria, jugo de;33;0.5;8.2;0.2;0.2
Frutas y derivados;Naranja de Guayaquil P.C.;40;0.5;10.2;0.2;2.4
Frutas y derivados;Naranja de Huando P.C.;45;1.2;10.9;0.2;2.4
Frutas y derivados;Níspero P.C.;47;0.3;12.7;0;1.7
Frutas y derivados;Nuzive P.C.;138;2.7;17.7;7.8;
Frutas y derivados;Pacae  o guaba P.C.;56;0.6;14.8;0.1;
Frutas y derivados;Palta P.C.;131;1.7;5.6;12.5;6.7
Frutas y derivados;Pan de árbol con semilla;135;4.5;29;1.8;4.9
Frutas y derivados;Pan de árbol sin semilla;47;1.6;10.5;0.5;4.9
Frutas y derivados;Pan-Meo P.C.;78;1.3;19.9;0.2;
Frutas y derivados;Papaya P.C.;32;0.4;8.2;0.1;1.8
Frutas y derivados;Pasas sin pepas;241;2.4;63.8;0.4;3.7
Frutas y derivados;Pepino dulce P.C.;26;0.3;7;0;
Frutas y derivados;Pera chilena P.C.;49;0.3;13.2;0.1;3.1
Frutas y derivados;Pera de agua P.C.;53;0.4;13;0.6;3.1
Frutas y derivados;Pera nacional P.C.;55;0.4;14.5;0.2;
Frutas y derivados;Pera perilla P.C.;58;0.6;14.4;0.5;
Frutas y derivados;Peros P.C.;55;0.4;13.3;0.7;1.3
Frutas y derivados;Pijuayo P.C.;184;2.8;41;3.2;
Frutas y derivados;Pijuayo sancochado;177;2.6;39.2;3.3;
Frutas y derivados;Piña P.C.;38;0.4;9.8;0.2;1.4
Frutas y derivados;Plátano de isla P.C.;91;0.9;23.6;0.4;2.6
Frutas y derivados;Plátano de seda P.C.;83;1.5;21;0.3;2.6
Frutas y derivados;Plátano guineo P.C.;120;1.4;31.7;0.2;2.6
Frutas y derivados;Plátano manzano P.C.;90;1.1;23.4;0.2;2.6
Frutas y derivados;Plátano, harina de;300;3.1;79.6;0.4;9.9
Frutas y derivados;Plátano maduro P.C.;112;1.2;29.6;0.2;2.6
Frutas y derivados;Plátano morado P.C.;106;1;28.1;0.2;2.6
Frutas y derivados;Plátano seco (orejón);268;3.7;68.2;1.2;9.9
Frutas y derivados;Plátano verde P.C.;152;1;40.9;0.2;2.3
Frutas y derivados;Plátano verde asado;252;1.5;68;0.2;2.3
Frutas y derivados;Plátano verde sancochado;137;0.7;36.8;0.3;2.3
Frutas y derivados;Pomarosa;33;0.5;7.9;0.4;
Frutas y derivados;Purunkari P.C.;151;2.7;36.3;1.4;
Frutas y derivados;Sandía P.C.;24;0.7;5.9;0.1;0.4
Frutas y derivados;Shiwawaco (semilla);149;6.6;45.5;7.5;
Frutas y derivados;Tamarindo;239;2.8;62.5;0.6;5.1
Frutas y derivados;Mango ciruelo (taperibá) P.C.;56;0.6;14.2;0.3;
Frutas y derivados;Toronja P.C.;36;0.6;8.8;0.4;1.1
Frutas y derivados;Tumbo costeño P.C.;22;0.4;5.8;0;
Frutas y derivados;Tumbo serrano P.C.;64;1.2;15.4;0.5;
Frutas y derivados;Tuna P.C.;58;0.8;15.4;0;3.3
Frutas y derivados;Tuna colorada P.C.;58;0.6;15.5;0;3.3
Frutas y derivados;Ungurauy P.C.;307;2.8;33.6;21.1;
Frutas y derivados;Uva blanca P.C.;43;0.3;11.3;0.2;0.9
Frutas y derivados;Uva borgoña P.C.;82;0.9;21.3;0.3;0.9
Frutas y derivados;Uva italia P.C.;66;0.4;17.7;0.1;0.9
Frutas y derivados;Uva negra P.C.;67;0.2;18.1;0.1;0.9
Frutas y derivados;Uva quebranta P.C.;66;0.5;17.7;0.1;
Frutas y derivados;Uvilla P.C.;64;0.3;16.7;0.3;
Frutas y derivados;Zapote P.C.;73;0.9;18.8;0.3;
Grasas, aceites, y oleaginosas;Aceite compuesto (vegetal 70% pescado 30%);889;0;0;100;
Grasas, aceites, y oleaginosas;Aceite de pescado, hidrogenado;902;0;0;100;
Grasas, aceites, y oleaginosas;Aceite vegetal de algodón;884;0;0;100;0
Grasas, aceites, y oleaginosas;Aceite vegetal de girasol;884;0;0;100;0
Grasas, aceites, y oleaginosas;Aceite vegetal de maíz;884;0;0;100;0
Grasas, aceites, y oleaginosas;Aceite vegetal de maní;884;0;0;100;0
Grasas, aceites, y oleaginosas;Aceite vegetal de olivo;884;0;0;100;0
Grasas, aceites, y oleaginosas;Aceite vegetal de palma;884;0;0;100;0
Grasas, aceites, y oleaginosas;Aceite vegetal de soya;884;0;0;100;0
Grasas, aceites, y oleaginosas;Almendras;581;21.9;20;50.6;10.4
Grasas, aceites, y oleaginosas;Avellanas;629;13.7;17;61.2;11
Grasas, aceites, y oleaginosas;Cacao, semillas secas;456;12;34.7;46.3;
Grasas, aceites, y oleaginosas;Castaña peruana (nuez de Brasil);661;14.3;14.6;65.9;7.5
Grasas, aceites, y oleaginosas;Maní crudo, pelado con película;559;24.1;17.7;48.2;8.5
Grasas, aceites, y oleaginosas;Maní sancochado;374;15.9;21.9;27.5;8.8
Grasas, aceites, y oleaginosas;Maní tostado, sin película;590;27.1;16.9;51;8
Grasas, aceites, y oleaginosas;Manteca de cerdo;908;0;0;99.9;0
Grasas, aceites, y oleaginosas;Manteca vegetal;880;0;0;99.5;0
Grasas, aceites, y oleaginosas;Mantequilla;729;2;0;82;
Grasas, aceites, y oleaginosas;Mantequilla con sal;717;0.9;0.1;81.1;0
Grasas, aceites, y oleaginosas;Margarina vegetal con sal;720;0.6;0.3;81;0
Grasas, aceites, y oleaginosas;Nueces;654;15.2;13.7;65.2;6.7
Pescados y mariscos;Almeja blanca P.C.;70;14.4;2.6;1.1;
Pescados y mariscos;Barquillos P.C.;84;18.5;;0.5;
Pescados y mariscos;Camaroncito seco (chino);240;52.3;;1.9;
Pescados y mariscos;Camarones frescos P.C.;78;17.8;0.9;0.2;
Pescados y mariscos;Cangrejo;94;19.8;;0.6;
Pescados y mariscos;Cangrejos frescos P.C.;99;18.9;;2.6;
Pescados y mariscos;Caracol P.C.;124;20.6;;0.4;
Pescados y mariscos;Caracoles P.C.;79;16.9;7.8;0.8;
Pescados y mariscos;Chanque, loco o tolina P.C.;96;21.9;6;0.3;
Pescados y mariscos;Choros sin concha;92;13;3.7;2.3;
Pescados y mariscos;Conchas de abanico;92;15.9;;1.8;
Pescados y mariscos;Erizo P.C.;141;16.3;;7.9;
Pescados y mariscos;Langostino blanco;68;14.5;;0.8;
Pescados y mariscos;Lapas P.C.;83;18.5;;0.4;
Pescados y mariscos;Machas;130;23.2;2.6;1.3;
Pescados y mariscos;Pescado acarabuazú, salado deshidratado P.C.;298;47.5;;9.9;
Pescados y mariscos;Pescado anchoveta P.C.;156;19.1;0;8.2;
Pescados y mariscos;Pescado atún, en conserva;187;22.9;;9.9;
Pescados y mariscos;Pescado atún, enlatado con agua;116;25.5;;0.8;
Pescados y mariscos;Pescado atún, enlatado en aceite ;186;26.5;;8.1;0
Pescados y mariscos;Pescado atún, fresco crudo;141;23.3;;4.6;
Pescados y mariscos;Pescado ayanque;115;18.6;;3.8;
Pescados y mariscos;Pescado ayanque o cachema P.C.;88;19.6;;0.5;
Pescados y mariscos;Pescado bacalao fresco;82;17.8;0;0.7;0
Pescados y mariscos;Pescado bacalao seco salado;290;62.8;0;2.4;
Pescados y mariscos;Pescado bagre P.C.;80;15.2;0;1.7;
Pescados y mariscos;Pescado bonito P.C.;138;23.4;0;4.2;
Pescados y mariscos;Pescado bonito, huevera de;101;17.2;1.5;3;
Pescados y mariscos;Pescado bonito, músculo claro;113;23.8;;1.3;
Pescados y mariscos;Pescado bonito, músculo oscuro;140;21.1;;5.5;
Pescados y mariscos;Pescado bonito, pulpa asada;136;24;3.4;3.7;
Pescados y mariscos;Pescado bonito, seco salado P.C.;184;32.3;;5.1;
Pescados y mariscos;Pescado boquichico, salado deshidratado P.C.;273;47.9;;9.1;
Pescados y mariscos;Pescado caballa, en conserva;224;24.8;;14;
Pescados y mariscos;Pescado caballa, fresco crudo;130;19.5;;4.9;
Pescados y mariscos;Pescado caballa, salado;152;25.2;;4.9;
Pescados y mariscos;Pescado cabinza;97;19.1;;1.6;
Pescados y mariscos;Pescado cabrilla;98;18.6;;1.8;
Pescados y mariscos;Pescado carachama P.C.;64;14.2;;0.4;
Pescados y mariscos;Pescado cazón P.C.;98;21.8;;0.5;
Pescados y mariscos;Pescado chita P.C.;88;19.8;;0.4;
Pescados y mariscos;Pescado chita, huevera de;62;12.3;;1;
Pescados y mariscos;Pescado chita, pulpa asada;99;21;;1;
Pescados y mariscos;Pescado coco;99;17.4;;2.7;
Pescados y mariscos;Pescado cojinova;106;20.7;;1.6;
Pescados y mariscos;Pescado congrio;75;15.7;;0.7;
Pescados y mariscos;Pescado corvina P.C.;124;19.5;0;4.5;0
Pescados y mariscos;Pescado fuasaco, con espinas;72;16.3;;0.3;
Pescados y mariscos;Pescado jurel, en conserva;143;23.2;;3.8;
Pescados y mariscos;Pescado jurel, fresco crudo;121;19.7;0.1;4;
Pescados y mariscos;Pescado lenguado;91;18.8;0;1.2;0
Pescados y mariscos;Pescado lisa;119;20.8;0;3.3;
Pescados y mariscos;Pescado lorna, fresco crudo;104;18.5;;1.9;
Pescados y mariscos;Pescado lorna, pulpa seca salada P.C.;150;30.9;3.6;2;
Pescados y mariscos;Pescado lorna, salado;190;32.9;;3.6;
Pescados y mariscos;Pescado machete;138;20.5;;5.4;
Pescados y mariscos;Pescado maparate, con espinas;78;15.1;;0.9;
Pescados y mariscos;Pescado merluza, fresco crudo;72;15.8;0;0.5;
Pescados y mariscos;Pescado merluza, seco;363;73.8;;5.3;
Pescados y mariscos;Pescado paiche, seco P.C.;247;38.2;;9.3;
Pescados y mariscos;Pescado pampanito P.C.;106;19.2;0;2.7;
Pescados y mariscos;Pescado paña, salado deshidratado P.C;274;54.3;;6.2;
Pescados y mariscos;Pescado pejerrey;106;19.6;0;2.4;
Pescados y mariscos;Pescado pejesapo P.C.;101;22.1;;0.7;
Pescados y mariscos;Pescado pejesapo, pulpa asada;87;19.5;1.3;0.4;
Pescados y mariscos;Pescado pejesapo, pulpa sancochada;83;18.7;1.3;0.3;
Pescados y mariscos;Pescado perico;97;20.5;;0.4;
Pescados y mariscos;Pescado pintadilla P.C.;85;18.8;;0.5;
Pescados y mariscos;Pescado ractacara, con espinas;87;15.4;;2.3;
Pescados y mariscos;Pescado raya, pulpa asada;136;31.1;1.2;0.4;
Pescados y mariscos;Pescado róbalo P.C.;95;21.3;0;0.5;
Pescados y mariscos;Pescado sardina, con aceite;274;21.7;;20;
Pescados y mariscos;Pescado sardina, con tomate;157;22.2;;6.9;
Pescados y mariscos;Pescado sardina, en grated (conserva);177;22.4;0;9;
Pescados y mariscos;Pescado sardina, filete (conserva);209;25.8;0;11;
Pescados y mariscos;Pescado sardina, fresco crudo;149;20.2;;6.6;
Pescados y mariscos;Pescado toyo, fresco;85;19.5;;0.6;
Pescados y mariscos;Pescado toyo, seco salado;190;38.6;;2.3;
Pescados y mariscos;Pescado tramboyo P.C.;85;19.2;;0.3;
Pescados y mariscos;Pescado trucha rosada P.C.;110;20.9;0;2.3;
Pescados y mariscos;Pescado trucha, en conserva;179;21.5;;9;
Pescados y mariscos;Pescado trucha, fresca;113;19.5;;3.1;
Pescados y mariscos;Pescado yahuarachi, con espinas;86;15.5;;2.2;
Pescados y mariscos;Pescado yuliya, con espinas;85;16.9;;1.4;
Pescados y mariscos;Pescado zúngaro, salado deshidratado P.C.;273;47.3;;9.3;
Pescados y mariscos;Pique P.C.;73;15.9;;1.1;
Pescados y mariscos;Pota;101;16;3.1;1.1;
Pescados y mariscos;Pota, concentrado proteico de ;396;91.8;0.53;0.25;
Pescados y mariscos;Pulpo P.C.;71;13.6;2.2;1.4;
Carnes y derivados;Ballena, pulpa de carne de;90;18.6;;1.2;
Carnes y derivados;Carnero, cabeza sancochada de;111;14.2;0;5.6;
Carnes y derivados;Carnero, corazón de;109;15.9;1.4;4.6;0
Carnes y derivados;Carnero, hígado de;121;19.9;2.6;4;0
Carnes y derivados;Carnero, panza de (mondongo);72;15.7;0;0.6;0
Carnes y derivados;Carnero, patas sancochadas de;108;20.9;0;2.1;
Carnes y derivados;Carnero, pulmón de (bofe);77;13.4;0;2.2;0
Carnes y derivados;Carnero, riñón;109;18;0.8;3.2;0
Carnes y derivados;Carnero, sesos de;115;10;0;7.8;0
Carnes y derivados;Carnero, pulpa gorda;267;16.9;0;21.6;0
Carnes y derivados;Carnero, pulpa muy magra;136;19;0;6.1;
Carnes y derivados;Carnero pulpa semigorda;253;18.2;0;19.4;0
Carnes y derivados;Cerdo, carne sin hueso;198;14.4;0.1;15.1;0
Carnes y derivados;Cerdo, hígado de;121;18.5;1.7;4.7;0
Carnes y derivados;Cerdo, patas semigordas;284;20;0;22;
Carnes y derivados;Cerdo, pulmón de (bofe);79;13.5;0;2.4;0
Carnes y derivados;Cerdo, riñón de;139;13.9;0;8.8;0
Carnes y derivados;Chivo, pulpa de carne de;115;19.4;0;3.6;0
Carnes y derivados;Conejo, pulpa de carne de;136;20.1;0;5.6;0
Carnes y derivados;Gallina, pechuga de (sin piel);108;19.2;0;2.9;0
Carnes y derivados;Gallina, pierna de (sin piel);120;20.6;0;3.6;0
Carnes y derivados;Majaz, pulpa de carne;108;21.4;1.4;1.2;
Carnes y derivados;Motelo, pulpa de carne de;113;21.4;1.4;1.8;
Carnes y derivados;Pato, carne de;326;16;0;28.6;0
Carnes y derivados;Pavo, carne de;160;20.4;0;8;0
Carnes y derivados;Pollo, pulpa de carne de;119;21.4;0;3.1;0
Carnes y derivados;Pollo, corazón de;153;15.6;1.6;9.3;0
Carnes y derivados;Pollo, hígado de;125;18;3.4;3.9;
Carnes y derivados;Pollo, sangre cocida;69;16;;0.1;
Carnes y derivados;Pollo, sangre cruda de;65;15;;0.1;
Carnes y derivados;Rana, carne de;73;16.4;0;0.3;0
Carnes y derivados;Tortuga charapa, carne de;78;16.4;0.1;0.9;
Carnes y derivados;Res, bazo de;92;18.9;0;1.2;0
Carnes y derivados;Res, cabeza sancochada de;110;18.6;0.2;3.4;
Carnes y derivados;Res, pulpa de carne de;105;21.3;0;1.6;0
Carnes y derivados;Res, corazón de;102;16.6;0.1;3.5;0
Carnes y derivados;Res, criadillas de;58;9.8;0.4;1.8;
Carnes y derivados;Res, hígado de;127;20;3.3;4.6;0
Carnes y derivados;Res, lengua de;171;16.5;0.3;11.2;0
Carnes y derivados;Res, panza de (mondongo);104;16.9;0;3.5;0
Carnes y derivados;Res, pata sancochada de;152;23.7;0;5.6;0
Carnes y derivados;Res, pulmón de (bofe);83;17.2;0;1.1;0
Carnes y derivados;Res, riñón de;90;15.1;0.3;2.9;0
Carnes y derivados;Res, sesos de;135;11.3;0;9.6;0
Carnes y derivados;Res, ubre de;229;14.1;;19.2;0
Carnes y derivados;Carnero, carne seca sin hueso (chalona);315;50.3;;11.7;
Carnes y derivados;Chicharrón de cerdo (cocido);650;11.3;;61.4;
Carnes y derivados;Chicharrón de prensa;436;23.9;;37.2;
Carnes y derivados;Chorizo;287;21;;21.9;0
Carnes y derivados;Jamón del país;344;24.7;;26.4;0
Carnes y derivados;Jamonada;333;15.7;2.8;29.5;0
Carnes y derivados;Mortadela;257;9.8;9.4;19.7;0
Carnes y derivados;Paté;496;10.9;1.1;49.8;0
Carnes y derivados;Queso de chancho;244;20.1;;17.3;
Carnes y derivados;Relleno;107;14.4;3.2;5;0
Carnes y derivados;Salchicha blanca chica;441;12;2;43.2;0
Carnes y derivados;Salchicha blanca grande;349;13.6;3.5;32.3;0
Carnes y derivados;Hot dog;366;11;2.1;34.3;
Carnes y derivados;Salchicha de “Huacho”;453;12.9;2.4;44;0
Carnes y derivados;Tocino;490;13.5;0.8;47.9;0
Leches y derivados;Crema de leche, espesa;345;2.05;2.8;37;0
Leches y derivados;Crema de leche, rala;195;2.7;3.7;19.3;0
Leches y derivados;Leche condensada endulzada;322;7.9;53.7;9.2;0
Leches y derivados;Leche en polvo descremada;362;36.2;52;0.8;0
Leches y derivados;Leche en polvo entera;484;27;36.1;26.1;0
Leches y derivados;Leche evaporada descremada;79;7.1;10.5;0.9;
Leches y derivados;Leche evaporada entera;133;6.3;10.9;7.7;0
Leches y derivados;Leche fresca c/menos de 1% grasa;43;3.5;4.7;1;
Leches y derivados;Leche fresca caja entera Plusa;64;3.2;5.1;3.2;
Leches y derivados;Leche fresca de cabra;66;3.2;5;3.8;0
Leches y derivados;Leche fresca de vaca;63;3.1;4.9;3.5;0
Leches y derivados;Leche materna;70;1;6.9;4.4;0
Leches y derivados;Queso fresco de cabra;173;16.3;3.4;10.3;0
Leches y derivados;Queso fresco de vaca;264;17.5;3.3;20.1;0
Leches y derivados;Queso mantecoso;396;28;3.3;30;
Leches y derivados;Queso parmesano duro;440;39.1;1.8;30.3;0
Leches y derivados;Yogur de leche entera;61;3.5;4.7;3.3;0
Leches y derivados;Yogur frutado de leche semidescremada;97;4.1;18.5;2.8;0.3
Leches y derivados;Yogur frutado leche descremada;95;4.4;19;0.2;0
Leches y derivados;Yogur natural leche descremada;56;5.7;7.7;0.2;0
Huevos y derivados;Huevo de charapa P.C.;222;16.3;1.8;16;
Huevos y derivados;Huevo de gallina, clara de;51;10.9;0.7;0.2;0
Huevos y derivados;Huevo de gallina, duro;139;12.9;1.9;8.4;0
Huevos y derivados;Huevo de gallina P.C.;141;13.5;1.8;8.4;0
Huevos y derivados;Huevo de gallina, yema de;354;15.6;1.9;30.9;0
Huevos y derivados;Huevo de tortuga motelo P.C.;143;16.4;1.6;7.3;
Huevos y derivados;Huevo de pata P.C.;166;13.1;2.3;11.1;0
Huevos y derivados;Huevo de pata, yema de;426;15.1;2.8;38.8;0
Huevos y derivados;Huevo de tortuga taricaya P.C.;178;15.1;2.9;11.3;
Bebidas alcohólicas y analcohólicas;Cerveza;36;0.3;5.1;0;0
Bebidas alcohólicas y analcohólicas;Chicha de aguaje;54;0.4;11.2;0.8;
Bebidas alcohólicas y analcohólicas;Chicha de cebada;24;0.1;5.5;0.2;
Bebidas alcohólicas y analcohólicas;Chicha de jora;28;0.4;5.8;0.3;
Bebidas alcohólicas y analcohólicas;Chicha de maíz morado con azúcar;20;0;4.9;0;
Bebidas alcohólicas y analcohólicas;Chicha de maní;34;0.5;6.3;0.8;
Bebidas alcohólicas y analcohólicas;Chicha de pijuayo;47;0.8;10.6;0.1;
Bebidas alcohólicas y analcohólicas;Chicha de soya;41;0.6;9.1;0.2;
Bebidas alcohólicas y analcohólicas;Chicha de yuca (masato);37;0.2;8.9;0.1;
Bebidas alcohólicas y analcohólicas;Coca Cola;39;0;10.5;0;0
Bebidas alcohólicas y analcohólicas;Inca kola;41;0;11;0;
Bebidas alcohólicas y analcohólicas;“Leche” de soya;38;3;3.8;1.4;1.3
Bebidas alcohólicas y analcohólicas;Té sin azúcar;1;0.1;0.2;0;0
Bebidas alcohólicas y analcohólicas;Vino blanco (grado alcohólico: 12,0 %);114;;104;;
Bebidas alcohólicas y analcohólicas;Vino tinto  (grado alcohólico: 10,2 %);94;;104;;
Productos azucarados;Azúcar granulada o refinada;384;0;99.2;0;0
Productos azucarados;Azúcar rubia;380;0;97.2;0;0
Productos azucarados;Chancaca;324;0;83.9;0;0
Productos azucarados;Miel de abeja;330;0;85.6;0;0.2
Productos azucarados;Miel de caña;282;0.3;72;0.2;0
Productos azucarados;Mermelada de durazno;196;0.6;50.7;0.1;
Productos azucarados;Mermelada de frutilla;229;0.4;59.4;0.2;
Misceláneos;Achiote seco;388;11.3;74.9;5.3;
Misceláneos;Algas;249;67.8;15.3;6.5;
Misceláneos;Azafrán (palillo fresco);54;0.4;5.7;3.6;
Misceláneos;Café, grano sin tostar;203;11.7;68.2;10.8;
Misceláneos;Café, sin azúcar;2;0.1;0.6;0;0
Misceláneos;Caldo de ave, tabletas;314;13.2;6.3;25.2;
Misceláneos;Caldo de carne, tabletas;300;5.8;13.7;24.7;
Misceláneos;Chocolate simple con azúcar;248;3.8;75.1;16.8;
Misceláneos;Cochayuyo;50;1.7;13.1;0.2;
Misceláneos;Cocoa;404;19;47.8;17.1;
Misceláneos;Comino;375;17.8;44.2;22.3;10.5
Misceláneos;Extracto de algarrobo en polvo;340;12;65.8;3.2;
Misceláneos;Hongos (callampa);38;3.2;5.6;0.3;
Misceláneos;Laurel;188;4.2;47.1;1.2;
Misceláneos;Pimienta negra;255;11;71;3.3;26.5
Misceláneos;Té hojas secas;308;8;71.4;4;
Misceláneos;Vinagre;21;0;6;0;0
Misceláneos;Yuyo fresco P.C.;41;2.1;8;0.1;
Otros alimentos nativos;Achira blanca (rizoma, raíz);101;1.4;23.8;0.1;
Otros alimentos nativos;Achira morada (rizoma, raíz);98;1.4;23.2;0.1;
Otros alimentos nativos;Alpaca, pulpa de carne de;107;24.1;0.3;0.5;
Otros alimentos nativos;Aska, al estado natural (crustáceo);460;56.6;11.1;19.4;
Otros alimentos nativos;Aska, sometido a cocción (crustáceo);456;56;10.9;20.3;
Otros alimentos nativos;Camote de Huarayoc;111;1.6;26.1;0.2;
Otros alimentos nativos;Camote deshidratado;348;3.7;82.4;0.7;
Otros alimentos nativos;Camote deshidratado tratado con lejía;348;5.3;79.6;0.8;
Otros alimentos nativos;Carambola (fruta);35;1;7.4;0.6;2.8
Otros alimentos nativos;Caya ocas (tubérculo);339;4;79.6;0.8;
Otros alimentos nativos;Caza o parka (leguminosa);345;25.1;58.6;2;
Otros alimentos nativos;Chijchipa P.C. (hortaliza);45;3.3;9.3;0.4;
Otros alimentos nativos;Chullcos, ajos silvestres (hortaliza);92;1.8;23.5;0.5;
Otros alimentos nativos;Cushuro o nostoc deshidratada (alga);242;29;46.9;0.5;
Otros alimentos nativos;Cushusho (tubérculo);299;16.3;61.9;0.5;
Otros alimentos nativos;Cuy, carne de;96;19;0.1;1.6;0
Otros alimentos nativos;Dale - dale (tubérculo);120;4.3;26.5;0.2;
Otros alimentos nativos;Frijol de Iberia (leguminosa);346;22.7;62.3;1.3;
Otros alimentos nativos;Gigante rojo, cáscara del grano (leguminosa);352;4.4;80.3;0.7;
Otros alimentos nativos;Gigante rojo, cáscara fresca del grano (leguminosa);126;2.7;28;0.2;
Otros alimentos nativos;Gigante rojo, pulpa fresca (leguminosa);167;16.3;25.7;0.6;
Otros alimentos nativos;Gigante Rojo, pulpa seca (leguminosa);336;31.6;52.3;1.3;
Otros alimentos nativos;Hemico leguminoso (leguminosa);334;25.6;56.1;1.7;
Otros alimentos nativos;Hiwicto marfil oscuro (cereal);354;9;76.8;2;
Otros alimentos nativos;Hiwicto negro (cereal);351;9;74.6;2.7;
Otros alimentos nativos;Iguana papa (tubérculo);77;5;15.3;0.2;
Otros alimentos nativos;Kara ceniza o kala (cereal);354;11.6;73.6;2.3;
Otros alimentos nativos;Kara color pajizo (cereal);351;7.2;76.9;2.5;
Otros alimentos nativos;Llama, carne seca de (charqui);279;57.7;1.1;3.6;
Otros alimentos nativos;Llampun Cjana “Cjana-cjana” (hortaliza);250;29.5;36.8;6;
Otros alimentos nativos;Llipta sara (variedad de maíz);370;7.4;75.9;4.2;
Otros alimentos nativos;Nopu - zumaca (tubérculo);148;7.1;31.1;0.4;
Otros alimentos nativos;Oca deshidratada (ccaya) P.C.;325;4.3;75.4;1.1;
Otros alimentos nativos;Oca P.C.;61;1;13.3;0.6;
Otros alimentos nativos;Pallar del río Manú (leguminosa);332;22;60.2;0.9;
Otros alimentos nativos;Poroto de cumbasa (leguminosa);360;22.5;57.3;5.5;
Otros alimentos nativos;Quillu uncucha (tubérculo);152;4.5;34.3;0.2;
Otros alimentos nativos;Sachapapa blanca, bulbo;126;2.5;29.4;0.1;
Otros alimentos nativos;Sachapapa, bulbo aéreo;138;2.3;32;0.3;
Otros alimentos nativos;Sajino, pulpa de carne de;106;21.4;1.3;1.1;
Otros alimentos nativos;Tallapaqui culli (tubérculo);75;2;16.9;0.2;
Otros alimentos nativos;Tallapaqui yurak (tubérculo);92;2;21.2;0.1;
Otros alimentos nativos;Tomate de palito (hortaliza);43;1.6;10.8;0.2;
Otros alimentos nativos;Venado, pulpa de carne de;110;22.9;1.4;0.8;
Otros alimentos nativos;Venado, carne seca de;151;32.4;2.4;1.4;
Otros alimentos nativos;Warr’a P.C. (fruta);102;1.5;26.4;0.2;
Otros alimentos nativos;Yak’u P.C. (fruta);116;1.8;25.3;2.2;
Otros alimentos nativos;Yuca de moja;168;1.5;40.2;0.2;
Otros alimentos nativos;Zapallito (hortaliza);55;1.9;14.3;0.1;
Otros alimentos nativos;Zapallo avinca (hortaliza);28;0.9;7.3;0.1;
Otros alimentos nativos;Zapallo ombligo (hortaliza);21;0.9;4.8;0.2;
Otros alimentos nativos;Ziqui - zapa (hormiga);486;36.3;18.4;28.9;
Alimentos infantiles;Al 110 maternizada;502;14;55.3;25;
Alimentos infantiles;Cerelac manzana;414;11;75.6;7.4;
Alimentos infantiles;Cerelac trigo;425;11.5;77.2;7.8;
Alimentos infantiles;Eledon maternizada;417;27.9;49.8;12;0
Alimentos infantiles;Nan maternizada;509;11.4;57.7;26;
Alimentos infantiles;Nestúm cereal mixto;380;9.4;82.9;1.2;
Alimentos infantiles;Nestum tres cereales;376;10.7;77.8;2.4;
Alimentos infantiles;Pelargón maternizada;458;16.5;59.6;17.1;
Leguminosas y derivados;Arveja partida, harina de;346;21.6;64.4;1.1;
Leguminosas y derivados;Arveja, fresca sin vaina;106;7.1;18.8;0.6;5.1
Leguminosas y derivados;Arveja, seca sin cáscara;351;21.7;61.1;3.2;25.5
Leguminosas y derivados;Arvejón;342;21.4;61.9;1.9;25.5
Leguminosas y derivados;Frijol aguisho;333;22.7;59.1;1.6;24.9
Leguminosas y derivados;Frijol amarillo común;334;21.1;61;1.5;25.1
Leguminosas y derivados;Frijol bayo ;331;19;63.2;0.9;24.9
Leguminosas y derivados;Frijol bayo americano;333;20.3;61.5;1.5;24.9
Leguminosas y derivados;Frijol bocón o chileno (Sarandaja);323;22.2;62;0.5;24.9
Leguminosas y derivados;Frijol bountiful bean;334;17.3;65.2;0.9;
Leguminosas y derivados;Frijol bush bean;329;24.2;56.8;1.6;24.9
Leguminosas y derivados;Frijol caballero;329;22.9;58.3;1.5;15.2
Leguminosas y derivados;Frijol caballero o blanco cocido;92;5.1;17.5;0.4;6.3
Leguminosas y derivados;Frijol california;333;20.7;59.9;2.1;24.9
Leguminosas y derivados;Frijol canario;339;21.9;60.1;2.1;25.1
Leguminosas y derivados;Frijol canario cocido;85;5.2;15.5;0.5;10.4
Leguminosas y derivados;Frijol canario fresco;166;9.7;31.5;0.5;
Leguminosas y derivados;Frijol canario serranito;339;19.2;63.3;1.8;24.9
Leguminosas y derivados;Frijol caraotas;329;21.2;60;1.4;24.9
Leguminosas y derivados;Frijol castilla;330;22.5;58.3;1.8;24.9
Leguminosas y derivados;Frijol chavín;335;19.2;63.1;1.4;24.9
Leguminosas y derivados;Frijol chiclayo;325;21.4;58.2;1.6;24.9
Leguminosas y derivados;Frijol chiclayo dosmesino fresco;104;8.4;16.6;0.4;
Leguminosas y derivados;Frijol cocacho;331;21.3;60.8;1.2;24.9
Leguminosas y derivados;Frijol dulce (Ancash);338;19.4;62.7;1.8;24.9
Leguminosas y derivados;Frijol negro;332;18.2;63.4;1.3;15.2
Leguminosas y derivados;Frijol nucya blanco;338;20;62.1;1.9;24.9
Leguminosas y derivados;Frijol nucya plomo;334;19.8;62;1.6;24.9
Leguminosas y derivados;Frijol palo;345;18.4;66.1;1.4;
Leguminosas y derivados;Frijol palo fresco sin vaina;143;8.9;26;0.8;
Leguminosas y derivados;Frijol panamito;336;21.5;60.7;1.7;24.9
Leguminosas y derivados;Frijol plomo;337;20.1;62;1.8;24.9
Leguminosas y derivados;Frijol pole bean;331;22.4;59.7;1.2;24.9
Leguminosas y derivados;Frijol red kidney;332;19.2;62.6;1.2;15.2
Leguminosas y derivados;Frijol shimpe fresco;51;3.7;9.1;0.1;
Leguminosas y derivados;Frijol soya;401;28.2;35.7;18.9;9.3
Leguminosas y derivados;Frijol tarhui o chocho cocido con cáscara;151;11.6;9.5;8.6;2.8
Leguminosas y derivados;Frijol tarhui o chocho, harina de;458;49.6;12.9;27.9;
Leguminosas y derivados;Frijol tarhui o chocho, seco;277;17.3;17.3;17.5;
Leguminosas y derivados;Frijol terciopelo;358;21;58.5;5.6;
Leguminosas y derivados;Frijol vacapaleta;328;21;59.4;1.6;24.9
Leguminosas y derivados;Frijol white kidney;330;22.1;59.9;1.1;15.2
Leguminosas y derivados;Garbanzo cocido;99;2.5;18.9;1.8;7.6
Leguminosas y derivados;Garbanzos;362;19.2;60.1;6.1;17.4
Leguminosas y derivados;Guaba fresco;141;10.7;24;0.7;
Leguminosas y derivados;Guaba seco;346;20.3;63.3;2.1;
Leguminosas y derivados;Habas frescas, sin cáscara y sin vaina;151;11.3;25.9;0.8;4.2
Leguminosas y derivados;Habas secas con cáscara cruda;340;23.8;60.1;1.5;
Leguminosas y derivados;Habas secas sin cáscara;335;25.9;55.3;2.4;25
Leguminosas y derivados;Habas secas sin cáscara cocida;102;7.3;18.5;0.5;5.4
Leguminosas y derivados;Habas, harina de;343;24.3;59.6;1.9;1.7
Leguminosas y derivados;Lentejas chicas;339;22.6;61;1;30.5
Leguminosas y derivados;Lentejas chicas cocidas;97;6.4;18.3;0.1;7.9
Leguminosas y derivados;Lentejas grandes;338;23.2;61;1.1;30.5
Leguminosas y derivados;Pallar morado;336;20;62.8;1.3;19
Leguminosas y derivados;Pallar seco;331;20.4;61.4;1.2;19
Leguminosas y derivados;Pallar sin cáscara;337;21.6;61.6;1.4;19
Leguminosas y derivados;Pallar con cáscara cocida;103;5.9;19.7;0.4;7
Tubérculos, raíces y derivados;Arracacha o racacha;97;0.7;;0.3;
Tubérculos, raíces y derivados;Ashipa;178;1.4;42.7;0.3;1.9
Tubérculos, raíces y derivados;Camote amarillo sin cáscara;116;1.2;27.6;0.2;3
Tubérculos, raíces y derivados;Camote blanco;119;1.7;28.3;0.1;
Tubérculos, raíces y derivados;Camote morado sin cáscara;110;1.4;25.7;0.3;
Tubérculos, raíces y derivados;Camote, harina de;353;2.1;84.3;0.9;3
Tubérculos, raíces y derivados;Curao;65;1.6;14.7;0.1;
Tubérculos, raíces y derivados;Koshñipa;142;1.6;33.6;0.2;
Tubérculos, raíces y derivados;Kuros;98;1.8;22.6;0.2;
Tubérculos, raíces y derivados;Llacón;54;0.3;12.5;0.3;
Tubérculos, raíces y derivados;Maca (tubérculo seco);314;11.8;66.3;1.6;
Tubérculos, raíces y derivados;Maca silvestre;71;3.5;13.2;1;
Tubérculos, raíces y derivados;Maca, afrechillo;330;10.5;73.4;0.6;
Tubérculos, raíces y derivados;Maca, almidón;350;6.1;80.1;1.2;
Tubérculos, raíces y derivados;Maca, pasta integral;292;14;68.4;1;
Tubérculos, raíces y derivados;Mashua P.C.;50;1.5;9.8;0.7;
Tubérculos, raíces y derivados;Olluco sin cáscara;62;1.1;14.3;0.1;
Tubérculos, raíces y derivados;Papa amarilla sin cáscara;103;2;23.3;0.4;0.4
Tubérculos, raíces y derivados;Papa blanca;97;2.1;22.3;0.1;2.4
Tubérculos, raíces y derivados;Papa chuño negro;333;4;79.4;0.2;
Tubérculos, raíces y derivados;Papa color morado deshidratada;324;8.7;74.1;0.2;
Tubérculos, raíces y derivados;Papa helada amarga;180;1.8;42.1;0.6;
Tubérculos, raíces y derivados;Papa huayro con cáscara;70;1.9;15.9;0.1;
Tubérculos, raíces y derivados;Papa moraya chuño pelado;323;1.9;77.7;0.5;
Tubérculos, raíces y derivados;Papa seca;322;8.2;72.8;0.7;
Tubérculos, raíces y derivados;Papa, harina de;332;6.4;77.1;0.4;5.9
Tubérculos, raíces y derivados;Papas deshidratadas con lejía;319;8;73.1;0.3;
Tubérculos, raíces y derivados;Pituca o taro;102;1.6;23.2;0.5;4.1
Tubérculos, raíces y derivados;Pituca, harina de;342;8.1;78.6;0.3;
Tubérculos, raíces y derivados;Radiche;81;1.8;18.6;0.1;
Tubérculos, raíces y derivados;Remolacha raíz;43;1.6;9.6;0.2;2.8
Tubérculos, raíces y derivados;Sachapapa;112;1.8;23.5;1.5;4.1
Tubérculos, raíces y derivados;Sachapapa, tubérculo;141;2.7;33;0.1;
Tubérculos, raíces y derivados;Yuca amarilla fresca sin cáscara;161;0.6;39.1;0.2;1.8
Tubérculos, raíces y derivados;Yuca asada;183;0.6;44.4;0.3;1.8
Tubérculos, raíces y derivados;Yuca blanca fresca sin cáscara;162;0.8;39.3;0.2;1.8
Tubérculos, raíces y derivados;Yuca blanca sancochada;150;0.5;36.4;0.2;1.8
Tubérculos, raíces y derivados;Yuca, harina de;335;1.7;80.9;0.5;
Tubérculos andinos;Oca variedad nativa caya oga con cáscara;30;0.8;15.4;0.4;9.2
Tubérculos andinos;Oca variedad nativa garwuaricra con cáscara;29;0.9;13.5;0.4;7.6
Tubérculos andinos;Papa variedad nativa capulí con cáscara ;115;1.2;31.5;0.3;4.3
Tubérculos andinos;Papa variedad nativa caramarquina con cáscara;98;1.7;27.5;0.3;5
Tubérculos andinos;Papa variedad nativa chimbina amarilla con cáscara;68;2.3;21;0.2;6.2
Tubérculos andinos;Papa variedad nativa huagalina con cáscara;54;2.4;18.3;0.2;7.1
Tubérculos andinos;Papa variedad nativa hualash con cáscara;54;2;17.6;0.4;6.6
Tubérculos andinos;Papa variedad nativa huayro con cáscara;76;1.7;21.8;0.2;4.5
Tubérculos andinos;Papa variedad nativa huevo de toro con cáscara;72;2.4;22.4;0.3;6.8
Tubérculos andinos;Papa variedad nativa limeña con cáscara;68;2.5;20.9;0.3;6.3
Tubérculos andinos;Papa variedad nativa maga blanca con cáscara;65;3;18.9;0.3;5.4
Tubérculos andinos;Papa variedad nativa peruanita con cáscara;78;2;22.4;0.3;5.1
Tubérculos andinos;Papa variedad nativa puca pampamachay con cáscara ;81;2;24.8;0.2;6.4
Tubérculos andinos;Papa variedad nativa Puca pishgosh con cáscara;99;1.9;27.5;0.5;5
Tubérculos andinos;Papa variedad nativa quinuapa tulum con cáscara;70;1.9;21.8;0.5;6.7
Tubérculos andinos;Papa variedad nativa sapa negra con cáscara;72;2.2;22.6;0.3;6.9
Tubérculos andinos;Papa variedad nativa yana shaque con cáscara;108;1.8;29.1;0.4;4.5
